Crypto_Currency,Strength,Trade_Condition,Time
AAVEUSDT,0,Not Available,07:10 04/09/2025
BCHUSDT,0,Not Available,07:10 04/09/2025
BNBUSDT,0,Not Available,07:10 04/09/2025
BTCUSDT,248,Strong Buy,07:10 04/09/2025
COMPUSDT,0,Not Available,07:10 04/09/2025
ETHUSDT,0,Not Available,07:10 04/09/2025
LTCUSDT,123,Strong Buy,07:10 04/09/2025
SOLUSDT,82,Weak Buy,07:10 04/09/2025
XMRUSDT,38,Weak Buy,07:10 04/09/2025
XRPUSDT,53,Weak Buy,07:10 04/09/2025
AAVEUSDT,0,Wait,07:00 03/09/2025
BCHUSDT,0,Wait,07:00 03/09/2025
BNBUSDT,0,Wait,07:00 03/09/2025
BTCUSDT,36,Buy,07:00 03/09/2025
COMPUSDT,0,Wait,07:00 03/09/2025
ETHUSDT,0,Wait,07:00 03/09/2025
LTCUSDT,10,Buy,07:00 03/09/2025
SOLUSDT,-3,Sell,07:00 03/09/2025
XMRUSDT,25,Buy,07:00 03/09/2025
XRPUSDT,74,Buy,07:00 03/09/2025